-17.14316037615972,7.9519597207098975,12.519449626668383,3.8343128650882496,17,0,16
16.066792997723088,7.532726092646445,12.4138284087769,6.520481517041969,17,1,16
-12.304852737336871,4.867129942896661,12.758551229002698,1.2057745428382183,17,2,16
-36.31479099119035,6.481108205448866,15.090716669289883,5.72150089165307,17,3,16
34.28837807876179,2.253671139863875,2.3048130141563714,15.17175715760496,17,4,0
0.7489965421463856,6.099064771837415,0.623925933114799,2.405268868391255,17,5,1
-45.60993014949229,9.559708396626398,0.4868283327310001,14.913053643153678,17,6,2
23.711854168018014,15.640973945450586,3.527869225800553,16.772399525731288,17,7,3
8.143352518471264,16.013084495023833,0.5072753201871794,15.830280266701353,17,8,4
0.6290175102367437,0.41457582004625504,6.679877297718853,18.053233178752713,17,9,5
22.590637667597385,4.120035697790265,4.530199399221896,19.903194580050286,17,10,6
0.29677458165999354,10.314666920416773,5.807624973955374,1.6833234287647625,17,11,7
1.6692830426641538,13.477289128397544,6.942285880459291,3.7367839390355218,17,12,8
9.10387497950423,16.327339394886113,4.669681661331587,0.9573269840393928,17,13,9
-5.512033583258216,1.7587784095029404,10.793603421082143,1.046820230834773,17,14,10
-4.5485535829668,6.667402786747918,11.74993229513233,14.008497299501823,17,15,11
11.60916721844049,10.940597884673704,9.0615887610468,4.483526357714558,17,16,12
-19.866856464723938,12.726112252471687,9.707317257339552,9.524483543258134,17,17,13
-15.846508660159444,19.7583504921773,10.131772725088297,9.876879129788716,17,18,14
4.120544266657702,2.4664983836957703,13.915753314974054,11.134592337154029,17,19,15
26.05877858399999,7.657444845862356,15.949664604732163,4.612302557777386,17,20,16
2.6658175143344907,8.722571381521071,14.223113678859187,9.731404011796434,17,21,17
-12.384571969812066,15.834669533820055,12.482557596279896,11.464050766721169,17,22,18
20.92103440904446,16.294027500105493,14.587625783655778,14.958198872712305,17,23,19
-0.46611949908052375,0.5905153527002396,19.472167062951257,14.575716998420862,17,24,20
20.689529110423358,6.939677157162878,16.78718286106749,5.893817728242654,17,25,21
2.8868633628195575,10.217784111944933,17.695880216379653,1.6242903131195296,17,26,22
1.8140603710322285,12.427551255813208,17.90586199362371,2.2153802830044,17,27,23
-22.003805090871488,17.11706860298551,19.793409258047223,17.287463326316,17,28,24
-1.573854773187091,1.3826913792204105,0.9615547087101333,8.122443247215811,17,29,0
2.996223087937773,5.2783488611956555,1.2576596959707271,8.598127268975773,17,30,1
14.958591340608551,11.589250427772116,3.169708390146715,7.847206612788562,17,31,2
-29.58320764775334,15.260327788304346,1.165824940863378,2.761404007584427,17,32,3
-20.548778852151184,18.99289773188745,2.759465406794113,0.3271482846146312,17,33,4
26.780841981851196,2.7893433694700183,5.752630796159127,15.159067275063922,17,34,5
-13.665414780983443,4.430287373213929,4.3063723219392145,6.203019702553103,17,35,6
14.578023248818877,8.653980573315218,7.096381949790096,8.562285132009212,17,36,7
3.418198783229992,15.595575140467234,5.965026574737553,6.372593663607066,17,37,8
20.768137295222726,17.27308615569908,6.2384777324030924,6.1147327664548,17,38,9
-8.886753821222506,0.6322872819040524,10.686388946157757,0.029853265699417708,17,39,10
-14.641859633853532,7.630463963506179,10.070954108703985,0.6649147255682419,17,40,11
22.761720622033298,8.91301292325289,11.548768122460892,16.96772180993625,17,41,12
-25.117849895688,15.984459160977792,10.308452156072233,19.15558765624119,17,42,13
17.175395596532624,16.00746311603455,9.27887665577988,2.035127112469939,17,43,14
11.69280375606333,3.3961690749584355,15.294989152634,19.0212422396542,17,44,15
-4.52164977477025,4.1546196883678945,12.156775336824563,17.901465850502422,17,45,16
-3.226583788103407,10.46434811876122,13.833006604863494,6.974607020883954,17,46,17
-7.626564819208253,13.880598823471082,15.32355738510951,2.7954879482832062,17,47,18
4.767634404782488,17.438569254018933,15.22977339676116,17.938105499371787,17,48,19
-1.6903214977040426,2.418697624429173,17.641310766542237,14.014759779663244,17,49,20
-12.935190790084297,6.164719703419773,18.016987984386546,7.1945969769999,17,50,21
4.6577969778763775,10.201272332320817,17.638329952717456,6.6104376151135575,17,51,22
-16.330770518192686,13.265295724662163,16.806909638336638,7.148927161592518,17,52,23
-12.97855168658297,16.409094075345514,19.526092238620492,5.376666139037445,17,53,24
-10.245889432801107,10.829143476060711,3.804920703603223,3.426027924014603,17,54,2
4.214968364874866,6.473851650296008,13.735001154950508,8.658160291242718,17,55,16
-2.2508624851254826,3.759181806669618,0.4771052776030067,16.168082525041477,17,56,0
-4.210054718076288,7.576862523129051,0.136261468042564,15.51177643628847,17,57,1
-2.3052162268679552,11.48628718250507,3.5533612511782144,8.321473784706825,17,58,2
4.019853409646441,13.474645463509265,1.3030946454104693,8.865650034207738,17,59,3
16.55280740269532,17.495284374449888,0.20102424649873063,12.770921996428104,17,60,4
7.528976229020871,3.964056161601796,7.263365822337132,4.763176623528778,17,61,5
5.980155105245416,5.656710664887824,5.162821034578361,6.776224123459899,17,62,6
-1.2134577384438443,11.848912276330132,4.17381842006723,8.061545949354363,17,63,7
5.283489911633777,14.754463227501622,6.937102240753113,5.753653033724482,17,64,8
-18.560419087019127,16.55296875494934,6.482538486730823,2.8596993017048122,17,65,9
10.099245709061815,1.2165803660138108,10.8075668544285,16.571474587166918,17,66,10
-41.553977918866615,5.232789638698408,9.47426438799253,3.537191435651963,17,67,11
3.996515311742582,11.443470417548713,8.68145065513131,13.445952898510342,17,68,12
1.0777015855041465,13.148330181307958,10.542175713343571,16.812839759632624,17,69,13
8.131629358011644,16.228283752404685,9.820867957739395,14.03356034106799,17,70,14
4.786155701682711,2.757387480391189,12.992176478342522,10.717411214891515,17,71,15
10.93974878608205,4.599170032183578,15.33466785168869,8.647784907046693,17,72,16
0.14750730075566335,8.088444105942882,13.47908731526092,4.4646252458468965,17,73,17
-20.952620050774854,13.379054230576596,14.78232100146797,13.01350224205253,17,74,18
-4.366483901092419,16.91999345260429,15.791631695421792,3.0629279670882115,17,75,19
9.779939221968426,1.228373693370083,18.539986011957588,6.1426269027105995,17,76,20
-16.34692114664267,5.884599394817065,18.159482491011715,3.402468309772393,17,77,21
21.54093248908567,8.442558571389482,16.866788722975933,18.947470881632682,17,78,22
15.127013528092611,13.705765449697665,17.32055970460762,10.30100228555403,17,79,23
-12.159468611384915,17.140841524896373,18.820453749217364,14.456952402029973,17,80,24
13.118887879574494,4.618168082709309,14.36760823054026,16.565922764280508,17,81,16
17.321836119481976,10.57262946693056,0.8775155970766675,15.650584198080036,17,82,2
0.8897017442634888,15.716774543798639,2.5294716963075063,2.8842831482583797,17,83,3
-2.0497519838447653,19.41415698560418,3.0195380224091894,12.942480633550659,17,84,4
-3.6360995239622858,4.86008964829132,5.433485488954563,0.3103994472720628,17,85,6
12.680824776358719,10.545251544052402,4.053919804241943,8.290591896868376,17,86,7
19.40803784308735,16.1104223098319,6.317580277625173,10.602645396093076,17,87,9
5.2386540551021135,2.806702274403454,11.063941260621192,14.839709705406179,17,88,10
-17.518189628435533,4.8789259274530075,8.681901807548128,1.682188831920326,17,89,11
2.982729322300979,9.506747463973124,11.663703252535953,17.141523709726975,17,90,12
-5.789828016267036,12.357866627142386,8.756676723387361,6.6990871427859595,17,91,13
-15.59780093511997,1.3146506154284934,14.390305836538879,15.45143749624308,17,92,15
-15.08393775655562,4.602857251812715,13.304965520047348,1.3770506079763911,17,93,16
15.010109274624556,10.475807605179906,15.494873536469203,2.8883139704815153,17,94,17
10.757604013911404,14.70615246003777,15.931828943723659,6.277729627327673,17,95,18
-11.995011603700044,3.281147064928239,19.121438611775766,10.300983587442271,17,96,20
5.4113528059155325,5.591096283253418,16.09370092072741,13.983628248957604,17,97,21
-19.92211634772641,8.024066196936463,19.184534279549595,11.67681985192325,17,98,22
-1.5771077956300021,6.708984236956574,15.497951517787449,3.813464344353086,17,99,16
-5.249118252756815,4.198391260420022,15.295016961559279,8.84364900739359,17,100,16
-15.8266448632482,6.311458078014143,12.462728273497408,7.260119820568214,17,101,16
2.419113564040796,7.8294571814807705,12.424133792236564,0.5621813585661872,17,102,16
11.465758528897318,6.351448362268563,14.662135770586694,7.08101527135113,17,103,16
8.110923999072533,5.283225543566225,13.067658753485345,0.6058693755672273,17,104,16
-7.996604695428934,9.96323881176483,3.7377793519385776,0.8906662082392081,17,105,2
-4.388518457595818,15.768517381896086,3.814476638878772,1.9790420930265684,17,106,3
2.389443180291311,18.80035913089415,1.8277835444504063,11.825932151864212,17,107,4
-32.767697060162334,4.510405080298789,7.21142213832775,15.237050172245016,17,108,6
-15.29567125067315,9.47397521714273,4.388463862496711,12.906744619912855,17,109,7
-37.495568881305765,16.947200402297206,5.224441023891268,18.30976702711259,17,110,9
-20.663248475367034,1.2372034520704531,11.793088891922398,19.86175738866567,17,111,10
-16.08557860663912,7.587091375153747,9.096637616695535,17.624504634202626,17,112,11
22.235597222932522,9.071364356145065,9.953993130838986,3.457624604206948,17,113,12
-12.585474426035919,12.8032793294246,11.576110771959991,13.94223124346539,17,114,13
4.448710506224113,3.017803207667659,15.223839117516825,18.869666109459978,17,115,15
-4.8759956129057445,5.486463858186604,13.283029816162934,10.088232817235006,17,116,16
-36.694536933964585,10.48088071167652,12.635794324103422,8.08754355552624,17,117,17
-21.569777172235046,15.20601449367571,13.661724272804033,19.104163850736626,17,118,18
14.126269537825202,2.873064399185484,19.881319304004855,1.4309793896759437,17,119,20
-2.9813123863482063,7.645234377329366,16.855844131114182,7.979436438272918,17,120,21
-21.849935863026964,8.450565542737507,18.290526412670946,16.326216537093167,17,121,22
20.68979916027263,2.0575813901485365,3.5651690019756286,6.03479867981525,17,122,0
27.715086139791655,5.498642590489083,0.6893562835865614,10.568110897082299,17,123,1
1.5967769112765218,11.43201717649218,0.4466015877834768,14.8276916869902,17,124,2
-3.984808603251562,14.721343962495272,1.2340653374751667,2.238197810060698,17,125,3
-25.80993003571374,19.14205282618953,3.3404456200326873,2.505581106091297,17,126,4
-14.26083403037391,3.97332223676209,6.0916130024038715,4.7931833281075775,17,127,5
-10.463012959256194,5.702170079120657,5.567496316707135,7.130404347649401,17,128,6
-19.572429943621543,11.903014963534046,5.4710653539277025,3.4297503508994565,17,129,7
6.684783553332835,14.617795747950536,4.959768014632148,6.2776323067583135,17,130,8
14.263342851512554,17.207075846459723,4.659079982201915,6.861649630103111,17,131,9
7.010741020938304,3.5800157996419415,8.670222697336193,4.972199267533446,17,132,10
-8.754164221623146,5.319603459499291,10.137968739827695,8.424508881994159,17,133,11
6.546610639217511,10.430541332856105,9.62630429243058,17.19510679966026,17,134,12
15.576858597495734,13.075897401279256,10.31517560605656,14.820031631755883,17,135,13
30.20195883610094,17.815827136400028,11.749126929511792,2.0377657060379906,17,136,14
7.1147105561510235,2.774473095606887,14.184423486375536,10.248202805715238,17,137,15
-4.008340880301846,7.265722717803868,13.169398782493058,12.14214259907261,17,138,16
-8.083621371446062,8.49035941761786,13.813516223611584,13.548319980665266,17,139,17
-21.236603675880254,12.43661866620095,15.62781138975718,10.311940975466545,17,140,18
-23.451425580574785,17.600153617776954,14.439674141305908,9.450288519011135,17,141,19
-21.929031674143584,0.21506504044306052,19.26083941534213,16.050462091471278,17,142,20
-6.888787039429432,5.823857056274134,18.34995342289583,19.694719711707098,17,143,21
-18.362361650887852,8.752586014889221,19.337990676667495,14.556854256949336,17,144,22
-13.766783754850591,14.23750289061307,18.114613087342843,10.529646149470404,17,145,23
-30.624244285587274,19.455619058647102,18.701230541190075,1.4114942627542582,17,146,24
1.4912534183247588,6.699319397048131,14.303202729247298,0.7375006969045317,17,147,16
-59.350699513662136,9.593000763343978,3.3505065136962022,15.804357318126605,17,148,2
-2.5005749530654366,13.450802440943377,0.9493105213801356,10.944547422874395,17,149,3
31.512049907736742,6.722491289783703,4.857233899571513,6.000918318318869,17,150,6
-8.18834903801901,10.315453335894604,5.906158458741139,0.9975948432503756,17,151,7
22.350049863965793,19.427017552831234,6.734117328558231,15.375477160431137,17,152,9
-6.2955919194543295,7.483565556040514,10.136046172227214,0.5265581027255228,17,153,11
25.45840681015639,8.298431567100561,11.933973417107783,18.788031026803946,17,154,12
14.118981445091125,0.4097675181424325,15.478336701023855,17.63044372823493,17,155,15
-3.8791438866918666,7.260482361607656,13.140973164391797,6.181345893016104,17,156,16
22.711044236243254,9.247137324443298,15.21674600329759,3.239188993998008,17,157,17
-2.8963384217638657,4.377278890439612,16.243070033310392,10.994171746752519,17,158,21
-4.217530321699817,9.8999774208851,2.1849534002791424,16.846867659688954,17,159,2
-19.826998576811828,4.561809542044937,15.678860774579624,18.710909488708193,17,160,16
-6.550692317352541,4.015186739098851,14.681190770491632,16.298482065454557,17,161,16
3.1838731925979027,0.2695451284879802,3.312543645328986,10.64573892682825,17,162,0
-8.946790645342256,5.195694373568663,0.22488578208527166,17.46072939405639,17,163,1
-20.003689381940035,8.279866411068134,1.8374637114600851,13.608455486976618,17,164,2
-7.61801332533938,12.0961086565623,0.37641437481627227,15.449395289792529,17,165,3
-24.50621382536361,18.71235280767168,1.1850558069375827,17.03981833409147,17,166,4
-7.123993505987403,0.2971232905754895,7.3163496935399035,12.673076668152572,17,167,5
1.676130885381441,5.756811300823869,7.113341209043798,8.739512810431709,17,168,6
15.018133614791026,11.503823286077884,5.462182552409784,6.720482930082845,17,169,7
18.60292067803119,14.686259635345843,4.974374740643773,9.764915878166565,17,170,8
22.379846561998466,16.59021460920559,4.73013954379317,4.790693711649972,17,171,9
-16.379476629395956,1.1685142518749778,9.865690763022592,11.282638488208647,17,172,10
9.535567807264648,6.584792048917274,9.431970545523845,16.12806072961391,17,173,11
-24.015131365616536,8.158997310824418,10.758622508498076,11.858598912713719,17,174,12
-13.90438961148987,14.829334130930345,10.81705613994335,13.339232262661511,17,175,13
-15.973618425666238,19.31044992507131,11.666837475651898,2.470798419379747,17,176,14
25.26648611914132,2.025121602949042,15.615156215818434,12.12095425465712,17,177,15
9.842255438610232,6.4657516293506125,12.111080500584233,0.7691795955494651,17,178,16
14.947765026505188,11.66586119233092,14.195808400210844,15.953881624984245,17,179,17
-1.9719216053537876,15.451511957068375,14.84529310061607,16.323907981200755,17,180,18
-19.655106217454655,18.33589640145218,13.520611230154612,1.4959714106233268,17,181,19
-32.70447519582139,3.566968276899648,16.906126762437733,13.248104554534342,17,182,20
15.28825793884548,4.772688302136581,18.733594668922493,12.211346338761814,17,183,21
19.527887222085003,9.469611274161,18.581105710112993,15.670600517757782,17,184,22
-9.937882441805629,13.311987531204666,17.510116059145286,0.703825247954486,17,185,23
-3.4022625663971815,19.9791462259496,17.002570648969126,17.2299833485645,17,186,24
9.72718774567785,0.5443042316516693,2.2501322263030676,9.513387397086372,17,187,0
-5.172611084041919,7.574341938317456,2.806670394918937,16.224755002604976,17,188,1
21.92319574819404,9.696411408265732,1.2386421340633547,17.626442499011723,17,189,2
-14.397301766178439,15.362070831292776,2.953805998373399,3.464224406093739,17,190,3
7.03864436660185,19.27893677283395,2.199740157623851,14.996813240707855,17,191,4
7.7465460865938,2.330183606969667,5.692394580541185,5.457362404360511,17,192,5
7.905832763375528,5.1387998064838785,7.938691770411295,6.824034469698439,17,193,6
10.357276804658577,8.921155820896608,4.157347371904259,18.888329199029144,17,194,7
6.9976258663131405,13.73861722112698,5.2603172546294505,16.494615156901425,17,195,8
0.5756704736734052,16.114799210072675,6.833673630464556,13.971829596680394,17,196,9
11.602460931879053,3.0130854818660033,8.190958597933506,7.255702684090075,17,197,10
-1.108135371311234,7.280687218115535,10.291655845980436,2.9503542151962647,17,198,11
-12.749283887511007,11.36559060599993,10.087403214247647,17.795026672109323,17,199,12
-4.02652486344556,15.213188200037695,10.115786153930044,14.819929320584755,17,200,13
32.478065032598124,18.38018506156392,9.565737075287469,16.409363680247672,17,201,14
-8.641949256239453,2.195946536329336,15.064507156887698,5.808509951692329,17,202,15
-1.5864865207855425,4.604121266436071,14.65839645173466,10.851725533188434,17,203,16
18.911072363573318,8.41893427713283,15.896499385326807,19.204823007387347,17,204,17
-10.38316242244727,13.798019633628503,12.351106545771094,0.26131287626170785,17,205,18
31.55405601959305,17.079717063428465,12.343276007522583,11.722906021690868,17,206,19
5.867207033492822,0.6077383011116217,18.270906001453877,14.670551882958494,17,207,20
-6.065984523923802,4.955983030439752,18.763626103032518,4.10398028994128,17,208,21
22.87148941474025,11.384641885923791,19.96408134646622,9.909379705481562,17,209,22
12.38748557268399,12.637924180855602,17.687031222189724,4.420641706305359,17,210,23
5.458367901972004,17.973970924944908,18.082697492013622,0.13527546421061576,17,211,24
-9.67525740128991,9.699632485977002,2.7619578057274996,0.35838527572952916,17,212,2
1.5517553153540062,13.015499522777265,1.9453198578808308,18.959398834898515,17,213,3
8.441070322104828,18.4845700430923,3.5096802381864403,18.526134630433095,17,214,4
-8.109471898946873,6.183726760862559,5.224009941384029,13.896280589373998,17,215,6
6.5892582038769065,8.344994291098594,6.050938928239429,16.154295266892834,17,216,7
-3.48701252123179,19.910676059493053,5.258549350655494,16.362316899016562,17,217,9
37.08163053180262,0.8241995496468655,10.587860600539932,6.809159683786101,17,218,10
4.2603451738081795,5.862628754901598,8.674656967831716,12.185830472665906,17,219,11
1.4492971280308953,9.408245543600676,11.745306757333589,11.985506119330074,17,220,12
8.45834878013573,12.820036058028316,11.52714839879842,9.843919280807905,17,221,13
5.6408413436800595,1.5670539971503081,13.633915404053605,9.12534235677195,17,222,15
-7.663042689930698,7.501008669764193,15.7370900151982,12.501784583347435,17,223,16
11.996505171594652,11.738028550406124,12.561310615861784,5.225992766027289,17,224,17
-16.552001134481667,14.444410499339323,13.010329655800177,8.620406316832717,17,225,18
-24.15001834926653,0.6371470263197785,19.596802417197146,9.015289439952046,17,226,20
-18.28961623579859,5.986118218488601,17.94726700991792,12.945125851752612,17,227,21
-23.854291043636962,10.56438390374023,16.462645345831657,6.629833583543765,17,228,22
2.5765681991387046,6.256917160089042,15.179568841161064,18.534983719761936,17,229,16
15.497300225648608,6.305674667385698,13.176540324810613,14.990137650447355,17,230,16
-2.4887466943317538,4.90209037890673,12.469917963815437,10.864878486403368,17,231,16
2.959934075159585,6.982362020560588,14.37148418394139,16.193891587029775,17,232,16
-13.398918996981255,2.0425089578708704,2.7991399477318937,5.302912229666889,17,233,0
14.674058136038441,6.402110519828984,3.9055776186442617,4.629766734191074,17,234,1
1.4846409164778798,8.179748244665204,0.1929451532739601,12.464147092561472,17,235,2
32.467634610782305,12.276510436595537,3.2717343437184963,6.031256774506819,17,236,3
25.765266509763837,18.658927943015044,3.3516425675843844,14.119401179552575,17,237,4
35.17975010993723,2.1081365281534317,5.208273499312572,18.915282817580035,17,238,5
-7.1816103348026665,6.347044588831919,6.449038231424709,13.146729721614705,17,239,6
6.859947113695016,10.497906349641898,7.905554044994414,18.251031700082937,17,240,7
2.5955452295350647,12.183062073788138,6.580221870848161,6.0886645000150335,17,241,8
-7.716393251200376,18.913939228675833,6.710400697471698,9.566007538850103,17,242,9
22.243393804669633,2.643559034737547,10.68391742090584,11.11273194186616,17,243,10
-7.16813222280103,6.058660506447481,10.237067388103148,4.32108976586113,17,244,11
-5.992379154062624,9.343903376209624,10.249339670057516,3.5249551275358804,17,245,12
12.105711910543521,14.86510052866031,8.927038492388636,1.6033398503293395,17,246,13
-17.115734014531135,18.458282175535146,11.39193226968078,10.985542123759755,17,247,14
-25.65012920066942,1.2323621275061227,13.60025247643443,18.07854640040793,17,248,15
8.58442417870803,5.744371485623446,14.962086023531564,4.361704030599391,17,249,16
-3.280016670726096,11.833645014489925,14.186452616494782,10.735733251576576,17,250,17
1.676925719194318,14.117657007976987,12.904625167468481,18.393246767696066,17,251,18
27.977266637300822,16.444194059880367,13.59795668182998,0.38615085366587865,17,252,19
-20.50838258683104,1.6485785891065827,17.877119279883996,5.161389764143324,17,253,20
-23.29086753348876,5.889797762110115,18.97770245663999,16.18967971732315,17,254,21
16.971622987747335,9.730214559166653,18.457470393370357,6.715972685030874,17,255,22
-14.796272783724115,13.684999251153368,19.828663334409562,1.8841477783593708,17,256,23
-20.913557221233884,18.829809480423762,18.39633045193867,14.563215179399279,17,257,24
0.7832122938661833,7.569762206967763,13.348769056763564,0.08290432890731836,17,258,16
-12.104977140504433,5.227748096444607,12.573149811718796,18.592504667342524,17,259,16
5.228277659291222,4.305965930454827,12.138411407035294,12.62059268772554,17,260,16
16.94311075257346,11.140119650941466,0.9627049878634866,14.796027709496414,17,261,2
11.020370809095517,14.435302179919299,2.5066425786772997,16.546071511016713,17,262,3
19.64571641810355,7.356529994915849,5.8223511541969195,17.742589846175566,17,263,6
0.42283869252711415,9.282263203106638,4.784157091565854,16.404308534067027,17,264,7
0.8719976364374121,19.481436753621885,7.245418090932818,2.8928230503888486,17,265,9
-1.0352101952497554,5.133391767626424,8.819332591936089,17.76015818189874,17,266,11
-4.09463280511229,11.35204681436715,9.090188441583056,16.307999853366802,17,267,12
-0.0024779252104249697,1.7005914369302095,13.694873194757205,4.68233150069331,17,268,15
1.3707838106036814,4.343266638733723,13.915412340421316,0.44744732490298533,17,269,16
10.776661325388822,10.339433709442735,14.06704078397292,2.51241253382257,17,270,17
-16.383396501728992,7.978769138765078,16.70466011879839,11.060571258271386,17,271,21
24.797430677396605,7.748426717372466,13.800204120309452,6.338807580170267,17,272,16
-3.364631792681016,7.808272533415973,15.682677966852822,10.594890819483087,17,273,16
-9.054751530003948,7.055958777091869,15.900661657126165,9.143610516535766,17,274,16
13.55632120285762,11.08842174338258,2.8531723130510556,11.883693215801365,17,275,2
-7.084142696954048,15.580560600430172,2.0177707850917144,15.290447317020366,17,276,3
9.3342733647283,4.1485396841286235,6.175348513184623,13.84315602570897,17,277,6
28.819739285483063,8.615912293673055,7.338553616830108,0.6435549921225481,17,278,7
-0.8915812335201851,18.41299186989677,5.929239774309784,17.507970026580995,17,279,9
-2.1882000731338644,7.089714064265335,9.907185584943845,15.265639321186114,17,280,11
9.85211328303913,11.6668734765506,8.200073102886828,15.438504375515194,17,281,12
-2.9186555467442354,3.4212362725240135,15.544737111562947,2.6872047152933276,17,282,15
-3.025816885006122,5.382516454982533,12.99760958008077,11.30742580948817,17,283,16
-8.283519961327784,8.326718845592787,12.474921569903447,12.899650944074022,17,284,17
2.254970825527108,7.648843718697835,18.92424434083683,18.65672034688252,17,285,21
36.84842983640794,5.704748133947696,13.129993714848242,11.882122035471799,17,286,16
8.735598318036278,7.764917564324862,14.19269771538605,19.44761330785547,17,287,16
-16.062816942234125,4.9088996878833555,12.029979946841703,6.42942062052634,17,288,16
-12.80105002265578,4.349561697709424,15.297047309836469,1.710267240207688,17,289,16
-4.607254920062633,4.6703619191259005,13.65048779882081,12.48306837158399,17,290,16
-14.554377856671191,4.844738572294398,13.810426482610836,18.726956171263712,17,291,16
32.063275300954096,8.821624002081874,1.0514512653115093,6.638962284960317,17,292,2
28.477925378276353,15.348321820978086,0.7770018723349268,10.062157746411344,17,293,3
-0.8680114907307189,19.779697449745097,3.027512553600632,3.4861482420867618,17,294,4
3.399780569812193,6.7958049971237395,7.59381878804615,9.697999143081628,17,295,6
3.2834467421908466,10.37469835769421,4.327529826571308,2.7596350798656344,17,296,7
-10.307751594870714,18.35322080325506,7.058937329506968,14.153364983243977,17,297,9
-13.567319333727603,1.9219188677301693,8.033878540957778,16.588604396095178,17,298,10
-15.526895161342551,4.314487533873562,10.965346868620482,15.94821843119011,17,299,11
-35.69671503468702,8.053407394068437,11.587983718411156,7.856542716644663,17,300,12
-17.84534339443567,14.332321673157159,10.34820698199537,3.643471555911173,17,301,13
4.857947243523752,0.7415488162935606,14.212873912884318,13.32575335146605,17,302,15
-10.928270796768786,4.691602221835836,14.925569158419606,0.9437709737794986,17,303,16
-23.42793506833616,8.03268633412813,14.40490005393213,15.96651901700685,17,304,17
-2.5154092001836643,12.999623088182641,15.413132068757534,1.044129443632793,17,305,18
-12.090266933254957,1.543105231363025,17.59105761338007,2.7366893398093595,17,306,20
-10.434627586934344,4.440921643250322,19.017353340601183,14.467444220314206,17,307,21
9.913571059662738,9.305402789555428,18.969814984072915,10.939249759836962,17,308,22
27.97618926764922,8.281366434343173,3.4219057014521734,0.45997351050099056,17,309,2
-0.7168551827516446,13.185213778324197,2.544030525108396,9.780991205830995,17,310,3
6.462368046055485,7.751214573735713,6.027276008305064,15.991238435274976,17,311,6
19.10089045742395,11.511308490058786,6.940312786422391,10.069187342048124,17,312,7
0.11774502841997544,19.04541443083508,5.140591170207468,8.356885864829845,17,313,9
-13.919242530349216,5.210522409188155,10.589114355855443,15.27383385961065,17,314,11
-11.16949331119344,9.294261629905645,10.770597682644558,19.653364191856987,17,315,12
-15.204424769011498,3.628411418556874,14.145083763602951,17.171769870841175,17,316,15
-13.869738733718533,4.1798686037382735,12.85008639146695,17.044541970930727,17,317,16
-13.927576002534828,10.044204631843138,12.955600190288465,2.252636462529982,17,318,17
-17.69210089698178,7.488624528754787,17.285664243997616,8.934236610867309,17,319,21
-0.6000320569666375,3.5239799373263514,0.8908553387671678,1.0712118624049793,17,320,0
1.1128081488676869,7.4060217072567385,3.309653448429836,10.29046822512495,17,321,1
-21.46539605708936,11.264240400163594,2.7181537859387968,16.960106645959684,17,322,2
18.761441274865504,12.627245360522751,1.9754407070550193,7.117605747856519,17,323,3
5.129563646770297,19.697115924325562,3.6106476126447,17.586548654562662,17,324,4
-5.160831474741955,3.7764022582781633,6.051364340509911,15.950453285747376,17,325,5
-4.853299599473099,6.965188498079169,5.36343930806768,8.25701110681052,17,326,6
-24.828274322999587,9.807006103306419,5.512051883465952,11.304548911469254,17,327,7
-3.315483096365519,14.771519999805456,5.01295514320346,15.807707187088004,17,328,8
10.59063460843016,19.557571312637343,5.171506462230385,8.517546007247706,17,329,9
18.9414832896363,2.9832471540387515,10.680727895099652,2.671040246868519,17,330,10
4.7535081159812425,5.54705665222332,9.8042479616592,5.512703071870099,17,331,11
5.343473569516387,10.61666777038391,10.123650264415506,9.67240510904292,17,332,12
-8.581405545766797,14.58024606072781,9.280405636700793,0.29813667171576297,17,333,13
15.837813889208771,17.01241550220852,10.979772229117637,1.2270860177444876,17,334,14
11.878456930324118,2.1857945330044264,12.466628724968636,16.46121802055571,17,335,15
24.034107518466183,4.952052613645342,15.123056174405697,16.410393782040796,17,336,16
-1.9123952214363302,10.645837671361226,13.251244839284482,15.986866232569819,17,337,17
-10.249532631622719,12.668262603973016,12.123546410231597,9.59512343280765,17,338,18
37.057677835821764,18.562511427194803,15.343113749379043,0.11380776518100877,17,339,19
15.740983126208457,2.5266334950573808,18.899443650410575,4.035413764574381,17,340,20
2.859953219399121,5.0721046565388495,18.120990006555104,0.11549323036861736,17,341,21
-10.090647614132422,9.95394484357863,19.321560244726175,15.108129605417037,17,342,22
2.99972874509581,15.273562237109232,16.25959036601483,3.4576111460347603,17,343,23
1.124480598498255,19.03479448298677,17.25141778178527,9.487830882565822,17,344,24
-16.098124824071252,11.476351339480189,2.5655806766957405,9.5306344026749,17,345,2
-21.487601480769403,15.725798572036577,1.5818590805355934,19.11232828745515,17,346,3
0.14288725560329296,19.24900282075117,0.08749156128127966,17.603211894563607,17,347,4
0.9453608383717687,6.205213597160412,5.554269139798173,19.92961324270818,17,348,6
-22.86111292144008,9.064000241591952,5.9490557408842655,17.05026057403472,17,349,7
20.739486369238453,19.22276821001433,5.3275701665869715,17.785041106936685,17,350,9
4.816539830461069,2.0279132088199674,8.329234901592852,13.01050465353681,17,351,10
-5.862916877090752,6.137263086579049,10.840769033603735,9.203486957436883,17,352,11
8.077566945696658,8.466728571672386,10.329686636222414,10.149028015750703,17,353,12
-7.56259696193511,12.242515640455492,9.558630334739888,15.175452318258628,17,354,13
14.453543502552987,3.438956556781558,13.708491651431725,6.775395842071045,17,355,15
-0.657702284206559,4.8448679385534845,12.96854721574062,4.285327824162035,17,356,16
22.88209521312026,9.973583190796962,12.371461171238279,11.914546781692417,17,357,17
-22.95530829287581,15.264859868361201,15.605286898140147,11.61716673185529,17,358,18
0.26921069782704005,3.6014253547457726,18.147133074982584,11.53959234386055,17,359,20
-15.940840671327239,6.979541044069088,18.94493560388412,5.0462236486461975,17,360,21
3.8889326626310625,9.77860316185922,19.90657872452734,1.3582105770879926,17,361,22
29.808094775553982,7.418029921494632,15.457832323061496,4.703658644658011,17,362,16
32.06478338607369,10.09177792005037,3.1779931301046,18.17616310047606,17,363,2
-5.826398219594472,15.368209320024738,3.5311081147640344,7.005347651747165,17,364,3
-10.171652666399662,6.2076255051728015,6.134305628881798,2.554137000435115,17,365,6
2.9708115795047663,11.952407986807916,6.23458524558958,13.322847723165932,17,366,7
-6.7732498578221625,16.804409408371356,7.9192295376532496,4.131478222185773,17,367,9
-19.15718101656013,4.842626058808557,10.703869646849835,15.713200164914207,17,368,11
-28.46222222428756,10.120825280031964,10.7114545009075,0.49043005644839655,17,369,12
-37.24405495100021,2.7119458472681965,14.603251122325723,19.114728243785656,17,370,15
-2.1329536518103263,5.436031289125996,14.25693609758178,7.027079996585375,17,371,16
15.40941459263983,11.05638416634123,14.60006259979327,16.97176310288908,17,372,17
27.68202933530973,4.283540356172422,16.096643746872463,18.36882712795099,17,373,21
13.757377071387497,7.706407376636739,15.846200582991175,9.823375153953988,17,374,16
6.2315472166289645,0.4902335148585424,2.6826811763016654,3.41457010110485,17,375,0
-27.102940338942126,4.88477658708956,3.4866063335633246,14.241702582280805,17,376,1
-9.585798490726894,10.68059477997549,1.8494688138346795,2.9349917460714248,17,377,2
3.563365392719441,12.88980472617238,0.1200044614429836,5.654396782564168,17,378,3
5.027941241915164,19.384275737217806,1.6674022189522257,13.194920580889978,17,379,4
-3.1102992612602516,1.4481558772736465,5.322332296583483,17.60871155226278,17,380,5
23.030795302740195,4.7241180357051995,4.267843938584408,19.792582876161116,17,381,6
-4.637348444800072,9.188305727197092,6.193034496209382,12.449761953431818,17,382,7
-4.637811938220972,12.78586605365628,6.3436883317793535,16.821738057219928,17,383,8
6.788884430677653,17.858389255166067,5.807680853632078,12.10602472317349,17,384,9
-17.01278440008232,2.571126792936361,8.517968074359521,15.034036603694696,17,385,10
11.295074333062342,6.379296458678885,10.175282305676722,19.639841048149457,17,386,11
-28.333219849482692,9.429056303491196,8.520599030098907,7.286432979614748,17,387,12
12.29697312116085,14.618836149099124,11.869855988842682,16.977002546490237,17,388,13
-16.23280834111903,16.12684331902252,10.032562533820167,8.206196466667212,17,389,14
-38.376634947274276,2.3303459012101144,12.238912506810589,16.10920164165374,17,390,15
-7.929976394300669,7.2602208973584474,12.591716267182838,9.791578312003324,17,391,16
-22.325967496847962,11.651851658370562,15.861805566829652,19.796637252333714,17,392,17
-15.83539812744671,14.186389625562615,15.600938583894585,19.10487788225273,17,393,18
-10.615957206086325,18.642081499011603,12.122777019852151,16.06232415262791,17,394,19
-2.61583256500894,3.78234252440312,19.79608565020363,14.232622102953062,17,395,20
-9.70767167886079,7.431044624612792,16.195396753947477,7.2958148012083734,17,396,21
8.236806219440735,11.025083697887382,18.944104991368217,8.289521252428834,17,397,22
1.0485149519652854,13.347070688878658,17.423253347277,18.778807028564138,17,398,23
7.0026277697371,16.45388554272361,19.87270627759944,6.13443488763203,17,399,24
-5.664087968538041,5.718689582263879,14.449503718336512,19.110752088651715,17,400,16
21.20219309948073,7.771880156527261,14.024087887412996,0.7330621408141402,17,401,16
-17.113837183922694,5.726274954606449,12.030553221450061,17.878810365189807,17,402,16
28.85112811285586,6.671944269199949,13.073330928236597,1.0278263983966807,17,403,16
6.111665130605134,11.558613917986143,0.8414031511512712,10.23684242477926,17,404,2
4.06672886408723,12.084610578514457,1.1238591794118786,10.079198435094428,17,405,3
-7.547382715832939,7.556221090543032,6.658264504918229,1.075934016807658,17,406,6
-15.336280458561298,11.361800805095319,5.1581776259637495,11.637048128604963,17,407,7
27.915442927756875,16.908517324742345,6.763446290600356,15.406932771208728,17,408,9
-9.018012505276392,4.0145602285423285,11.855115411618637,9.870745354208768,17,409,11
8.50480675011665,11.222254922196981,11.890370531844361,4.398561728957915,17,410,12
22.521970887612632,1.8137985623716442,15.971105671769582,15.29857216121128,17,411,15
-14.96485691206888,7.039098851035863,15.764412585358897,18.456167489283416,17,412,16
2.353823593615258,10.383419268351808,13.193087448782627,8.18364418000225,17,413,17
-11.141714646013293,6.104951162446977,18.476108913894087,12.594810504674692,17,414,21
14.050972845338702,5.037728036566814,15.974269297175034,18.22570631586235,17,415,16
-26.033963346672266,10.959488722416214,0.9173819983045814,5.4250167884486995,17,416,2
-3.143242019176124,15.71843546063614,0.8138334688921041,3.2735154188201587,17,417,3
-16.472245552477702,5.7543148302478215,4.79820398647885,6.810900271518472,17,418,6
-0.22141015172914127,9.495234106997339,7.694523015031891,15.284504957880632,17,419,7
-23.705315259141788,17.0823980586734,5.663611181804045,14.070946828774304,17,420,9
5.204488650439503,4.078918994923873,10.065970184958212,9.50087665672779,17,421,11
2.434899406111486,10.59045772638195,8.1470887233719,13.224707000518139,17,422,12
25.61622375076874,1.7125838691205724,14.763060145223102,2.959347713099243,17,423,15
-1.8552693100630957,7.6738183979960155,12.094670747550426,8.94186417855741,17,424,16
9.8451662966554,9.201715685286388,13.750640266749866,0.6732857361645794,17,425,17
-38.998436914888586,5.570637861906601,16.05434059535513,11.408168370213536,17,426,21
-17.215427711985967,8.22991985937042,0.24559982646385992,3.1693193153265087,17,427,2
-21.92351073448717,12.699840757032778,1.6464036587026585,16.522976020691544,17,428,3
-6.900692741089992,16.083173917243077,2.9930519994621028,18.724628643417272,17,429,4
-10.514770374794786,6.0812774074047065,7.504364025721544,6.735650479313506,17,430,6
10.904331342033512,10.069671629175405,7.790738890133998,12.928366843766936,17,431,7
25.382161388746088,19.400602599479026,4.493096099272922,15.073584817540011,17,432,9
-11.9588966002999,3.3263390868096168,9.415985072348333,14.038708082109077,17,433,10
2.1579771273311033,6.828688576729526,9.444715354253098,8.417642986177603,17,434,11
11.958436094749711,10.432059355045508,9.451615907857217,7.490073305681742,17,435,12
19.109232187071665,15.747044418216404,11.86852749599518,9.94707193285329,17,436,13
-7.209508966054851,3.219315843873019,12.184185101004438,3.1595874392107937,17,437,15
27.52480451287808,5.895687381920955,13.98932141996626,11.80298477263982,17,438,16
8.470789856924807,8.950977566871128,12.814028514150849,16.609726700005403,17,439,17
-16.285002404653792,14.550501591702806,15.165628568478496,2.645538234561926,17,440,18
-10.735932999760436,3.7461278712336785,17.067657583697724,1.8745450055556967,17,441,20
12.422385947789195,5.0865234897606,18.44210264382179,3.4215186404173337,17,442,21
6.175444388020824,10.95672142571912,17.04904072679028,5.012510468166389,17,443,22
4.598968391215007,5.5587502010233445,12.678921280967263,13.541146068836989,17,444,16
-12.806788059354995,10.726687958007567,1.8225774044176815,10.076211990103154,17,445,2
2.8535979800983933,13.276830531909269,0.14858349699208517,2.265236591660238,17,446,3
-4.9232253101724375,4.695229815817728,4.214253259865465,18.61588492376024,17,447,6
-4.349655079261802,8.061670892704683,6.585644966726828,6.9217755683300375,17,448,7
6.472289192902336,18.180931091795152,6.406180719186522,1.6131920224181884,17,449,9
-26.42566122836366,5.851060569218752,9.599248525826418,15.312400383225537,17,450,11
-13.38485295910579,10.451842763887026,8.005401332882453,8.581528312782183,17,451,12
25.095212702718587,1.5447101819208062,13.07516996570616,0.8800409968908607,17,452,15
9.768252234415327,4.216760126207401,14.321451726506938,17.233273438367082,17,453,16
-15.618817394026886,8.550162939455623,14.358458920038043,9.70151712508805,17,454,17
16.343044677893975,6.857844637630665,19.364101429976476,1.8524092155202565,17,455,21
19.717434899974695,6.3078912354306125,12.884117244489834,9.577298504482751,17,456,16
12.183163253845256,4.552120371934254,14.331583349230073,16.477170767268444,17,457,16
16.299411488463605,5.009308659631477,13.399188929629652,14.989619391470821,17,458,16
-14.41462816830741,0.7281549085725487,0.35562813147526917,17.584060942315002,17,459,0
-27.176444258566107,6.721282026725413,1.7996640067703016,2.639082298872528,17,460,1
-0.39165490245637846,11.144609016173986,1.1002024961892283,1.1454048752722112,17,461,2
2.6146904394750337,15.972952400996887,0.030527133473173595,0.09668264828754491,17,462,3
-9.191894909568497,17.26845428882192,3.133035295943407,16.294266868132922,17,463,4
5.189238457629174,0.5412266996718453,5.815662974291502,14.373098650044057,17,464,5
-8.121698423871903,6.524764011568372,6.185751860964265,16.668667194169927,17,465,6
-21.03417067177159,10.836935900840402,4.411595630174694,11.92826558325425,17,466,7
-9.996902165562073,15.279435456257001,5.626095528425274,18.072280064205767,17,467,8
-12.125732754762149,17.20282737810236,5.918857925706256,7.3911527003568755,17,468,9
-3.1789491532057315,1.0665440533771209,11.708580823685516,12.498260879360286,17,469,10
-4.481615255969365,5.128305082536296,10.140290553197548,1.7618486980572756,17,470,11
0.41207058973345206,9.504464906513027,11.879747034876088,8.230560546654504,17,471,12
26.834838312116148,12.976475087707787,8.407416278075384,14.735205117072583,17,472,13
-7.862419746824622,16.752216686841976,9.213254095250429,6.572235307206737,17,473,14
-2.383143206906661,2.4751582557125262,12.635060674607336,8.220987863393525,17,474,15
-13.367650921909272,5.409177454477126,12.594480191268051,14.550436428716226,17,475,16
-19.778549256154374,9.606028646750282,14.105493061699677,6.878295686295843,17,476,17
-36.882215157819196,14.242979951295895,12.438360962968481,2.4607514899526817,17,477,18
-22.099465083938846,16.136946491592727,14.141372204110766,10.777854070465445,17,478,19
39.15070824844901,0.9051140243069837,17.68308728488634,10.652655674906676,17,479,20
43.078081119790696,4.473696831153825,18.927116213631724,6.82310891597214,17,480,21
-4.4098758440477575,9.563472791138526,16.782181148610814,14.091519372930584,17,481,22
1.7684189169051676,12.95302614860151,19.111042982081194,9.661122596763551,17,482,23
-11.898439997827591,19.354320841032703,16.572624177453395,1.1510444707552603,17,483,24
14.637022504879397,4.921268288492552,14.72430329756413,14.745945131789622,17,484,16
-11.854213224262617,4.956973130780662,13.010276405949941,15.834343903021225,17,485,16
-20.929287457068067,4.798740488505107,13.02574304311875,19.583627648287962,17,486,16
-10.745082328570145,8.655238842439637,3.8136731878964123,0.45507237487855123,17,487,2
12.43249842413918,6.96382670938923,12.386370514867323,11.494958367987678,17,488,16
14.61883599707255,1.4073001991583158,2.8183334466150307,0.7001651777709794,17,489,0
-24.152511475388156,5.977341745252485,3.9375991349962987,5.709640576250861,17,490,1
-2.275504941686344,9.388047409103137,2.633960095718769,9.16969823763533,17,491,2
1.5443334884281081,12.52260820192882,3.662202081121908,5.212358243667621,17,492,3
-7.622948669712949,18.083670702596173,0.5447362256891153,19.949669491515657,17,493,4
-22.970943860191248,0.31119205637112257,7.5474271624865805,15.58316264312702,17,494,5
20.568097230872745,7.548489125573372,5.72187645789046,5.549920838186058,17,495,6
0.7833337962409432,9.338078187903063,5.369910847853723,8.706486184740728,17,496,7
-17.331862437580355,12.327043359716498,5.484094892042569,7.078187974636672,17,497,8
11.39576798627211,16.914031588607227,7.235149923841723,9.41532842117968,17,498,9
-20.239691186975477,0.6453363565262595,9.577045755371321,4.904769378379054,17,499,10
11.87318231544239,7.232589031933392,8.16904692430115,13.478991283237491,17,500,11
16.59815234314617,10.01767454716414,9.432934279459447,11.329977297195967,17,501,12
20.503790753668095,14.090370724022844,9.695636206129443,11.078599975500623,17,502,13
1.9735761143782173,17.147040453051407,8.126077816338052,4.0491237866251435,17,503,14
22.210367438965022,1.3004407598570213,13.652276703672085,17.740048094512964,17,504,15
-26.733981454308065,5.4786838178581245,15.14347891610895,13.564273323918798,17,505,16
7.575752152825946,8.928696681333992,14.641828688982843,14.400575523934009,17,506,17
7.065010494664542,14.961855969333866,13.115047421329425,13.147723933683697,17,507,18
21.36278481796437,18.821306726487112,12.677690678687204,1.8163563060999999,17,508,19
16.972496847448145,3.931126502605087,19.907098179165224,19.245604992870614,17,509,20
-3.0534777322923525,4.9837276814155125,16.632915323187298,17.209008133873308,17,510,21
4.89692085065261,8.309497202250538,19.838924233641404,2.8691348438883235,17,511,22
3.8874050429699123,13.117344374802464,19.01758889571351,11.095540637964385,17,512,23
2.636481342402806,16.0961767398123,17.589726615357208,0.8752026986121608,17,513,24
9.76602244629423,6.96393388403574,12.04601915537022,12.804447541618408,17,514,16
-20.812111682354818,10.087336554341771,2.955375501562039,9.577138681438262,17,515,2
-17.65356824358382,13.051566566899778,0.46396853413223926,5.204910058038481,17,516,3
-32.85308841194374,17.515831130918826,2.442242626562524,5.681521479859876,17,517,4
-4.40694590290822,4.984752696152695,5.1648761768948255,3.1266048650771894,17,518,6
-14.360041241377191,8.684785146741554,5.955652172422963,10.742886238700123,17,519,7
11.737424319512455,18.741122529950346,4.449056589195905,7.841362072706824,17,520,9
9.156194896527515,1.7319094499403427,8.139351314921832,2.0367280969311374,17,521,10
-23.100423697335046,5.183709301059807,9.682750820071078,3.2187614852648827,17,522,11
1.0723877181650543,8.743730409320083,10.451472169556798,11.374522264265014,17,523,12
4.857539895726593,15.100030510982531,9.016206259815874,5.816422132519861,17,524,13
-1.5058056304009335,0.515884365596547,12.581672714908565,11.836750405240743,17,525,15
5.28299360017604,5.12496203460739,14.44636369933405,9.684787154889271,17,526,16
2.5562348615595054,10.745761582312532,13.336409912774004,5.745610353443444,17,527,17
6.814391294004382,12.706956335138425,13.812423921052837,6.821590324817106,17,528,18
7.057448751637866,1.922732391776628,19.785039439585734,8.139815978264817,17,529,20
0.835548712987036,7.116896393719018,16.690264793080964,5.84897653555251,17,530,21
0.9140135484304404,10.256538161071767,19.326482432568415,3.3565527301291698,17,531,22
-9.529437378913256,5.388015830009481,14.233020508495647,18.00377412090087,17,532,16
12.649819983879826,6.134205841847763,13.097882786968972,11.129253229308627,17,533,16
-2.853570948255163,5.049828418422615,15.948914830841645,7.286060153144507,17,534,16
-34.56412713482405,2.6525893231834208,1.6067678652628423,6.1028801895542895,17,535,0
16.945571912297005,6.4416708805840175,2.219382903238956,10.42730765632583,17,536,1
-19.795693803635537,9.148027830519627,1.847958383193033,15.062990787215597,17,537,2
31.118872093236348,14.778337115072427,0.06137220806846777,14.943778402870041,17,538,3
-18.064263732521503,19.367117805378,1.2541891072151161,2.6951842563777006,17,539,4
7.133510292284899,2.0416850119285352,4.496648660582611,4.447838467840024,17,540,5
20.605537957393036,7.645734163958079,4.787543542370228,18.373251933533805,17,541,6
13.377364422207032,10.252855477242536,7.4451228519980575,10.18138855485514,17,542,7
-17.417392633045313,13.717505969142676,5.353876889524626,14.66296696970803,17,543,8
3.3234068674363533,16.225072967156375,6.994094867904351,7.873828019386231,17,544,9
5.820435909290691,1.5576642764016286,10.015521206460784,17.36177871803733,17,545,10
-10.237095796933229,7.734138681551714,10.593176372816927,6.646909169906518,17,546,11
-4.253561463352269,8.137430482767869,10.306958732664318,2.709751815594743,17,547,12
20.390786653600536,14.579438616323337,10.090098934572083,9.60344827235403,17,548,13
-25.925027017051026,17.935332096885862,10.904925961903471,13.214340899609482,17,549,14
-23.378563520143686,1.785984862719035,15.12755392588464,3.2223771878163054,17,550,15
-5.663091204756186,5.0343455098530185,12.921093855179912,2.508416380779066,17,551,16
2.1447479684113246,8.725767905689155,12.564549946916948,0.9829917785651188,17,552,17
15.134671615594748,15.865794667385588,12.190252872589006,3.8503349141790877,17,553,18
6.092137462158049,19.831319728532396,15.243337063412719,11.106707513227065,17,554,19
-6.370542676431955,0.7599727619445549,17.897861351446902,5.989650071770134,17,555,20
-15.666420827113551,6.958793870606806,16.642743572009913,4.491694709208732,17,556,21
-4.247597208672337,8.161591956062495,18.676027346507148,1.4411036692381352,17,557,22
14.501757976584345,15.295271586476584,19.05104084815653,12.562033627863284,17,558,23
-4.999944941693201,16.856914443837493,19.55220678343249,18.70597732889613,17,559,24
-8.820305707646208,5.208636204106136,13.167783701846616,17.84103269563274,17,560,16
19.186271447628783,6.751940461904038,13.062529328008889,8.484685471783957,17,561,16
8.94390265014098,7.569393036218468,14.813214816516126,16.3387202104633,17,562,16
4.372013505912195,6.832442449643397,14.097117058359848,12.423436522863977,17,563,16
2.6052970254296306,6.675721701547959,14.386606512684263,18.533391704575727,17,564,16
-2.972505234331308,3.0038890927834125,0.8180975128116565,3.6768391216120477,17,565,0
-19.44504076784086,4.821600237676362,1.4506031107962696,17.94269880012672,17,566,1
2.478259929729772,9.002354697867844,2.1035451915583345,2.6207048377358455,17,567,2
13.794915228148797,12.136502617347642,3.981324470663186,6.091160622677567,17,568,3
5.336071671505201,17.09648665258412,3.645856197406503,9.198249451472243,17,569,4
-2.153785988354091,0.07559080997516432,5.239371210619831,8.57075334084319,17,570,5
-11.045058819179143,5.0441451811124836,7.824779844270181,11.69572701306572,17,571,6
-37.520708848709894,9.336187003195562,7.394133171667464,19.165540295653475,17,572,7
-13.819239360080807,12.40295039829143,4.537785169716223,8.085121691970176,17,573,8
3.4257202110753315,17.9350258433212,6.210143870457133,2.036756832377551,17,574,9
-14.031114052331489,0.2785677017973067,9.181899959354942,15.82383468898408,17,575,10
13.026235913364776,5.139772097642625,9.676826133217912,11.101739295744808,17,576,11
-1.6188390236821086,9.362525678710918,10.567301474690854,16.80023109943475,17,577,12
-16.964533586463794,14.279118369519418,8.77155313404408,12.845163919654986,17,578,13
-15.195252318645657,19.33924875868959,11.7234846304815,11.364158236694447,17,579,14
-11.294819760725709,1.9498673271711482,15.599077242803041,19.093202331563692,17,580,15
21.956756466687068,5.101866154877277,14.419291727007485,10.681473117266368,17,581,16
-7.240482366912098,9.732038315496812,13.626835923564212,9.51764869162538,17,582,17
-1.4864550936968044,12.145052990733413,15.308319598366861,2.063954185729111,17,583,18
23.985144161945158,16.64426431852232,14.437137986062423,17.09538969557269,17,584,19
-9.030828543926438,2.231713673184542,18.253819999897075,10.906426559627162,17,585,20
-2.727875203076035,7.8691875665232285,16.35109028666944,3.4119914523567285,17,586,21
6.468671651358701,10.161197230402557,19.676674014251002,9.787999409385629,17,587,22
-11.655303290895183,12.106310061150651,19.188464871683095,18.125324642101745,17,588,23
-9.134387897673802,18.00061900787575,17.54405588897394,10.519256681863283,17,589,24
-1.1033754390949597,7.336330123018998,13.871565408338602,10.244144594208564,17,590,16
-14.46685327811182,1.1295871030044373,1.2582255216510276,13.871843665781107,17,591,0
1.232094942017707,5.969091082986548,2.7961845532663245,6.910654607250562,17,592,1
11.137665072715839,11.054072546167781,3.425454963582285,1.0642065539597034,17,593,2
-10.661478211356615,15.498750149066586,2.476061969311631,4.016838786729893,17,594,3
4.986821829011688,18.580443674964847,1.0937458964433366,14.234430150255204,17,595,4
-12.283038937943529,3.784040684945292,7.0772828782817,9.748370861415959,17,596,5
-18.89604291747808,7.686380939424801,5.503571652530022,2.4265377506033747,17,597,6
16.640216745272525,9.199485116201023,4.5963234663233195,8.43359538481522,17,598,7
-16.772174796210326,13.045302379898473,5.878017321160027,16.555440508443443,17,599,8
13.936739815089416,17.160005541719286,4.748571908039598,10.874146577915829,17,600,9
-18.1109658912265,0.48879250367867133,9.526244226032135,3.065100750673797,17,601,10
-26.069935730764016,4.801240892647898,10.682579365908392,4.63689784289715,17,602,11
-5.048743391553088,11.204590101325463,10.250028173587022,19.28576195298038,17,603,12
-20.62537309282635,14.925841469543156,9.458781009746959,8.816306227870243,17,604,13
-38.71179585634088,19.422477005408957,10.741330073566234,11.652863446184655,17,605,14
-12.530606237551064,2.158891906981443,14.3671614302157,12.005567901963012,17,606,15
-3.862731603318645,4.6651475698209826,12.21662513710395,14.14376300642787,17,607,16
-22.237438409623152,10.631547999146761,15.917391955721873,11.954293199931428,17,608,17
-0.4194318515861018,14.570761295055076,12.620088914972783,2.7514958081295804,17,609,18
35.93257826724978,18.179435636062006,15.52875514910767,13.073341802212617,17,610,19
12.0150714045795,3.5149479470833755,19.17342055547594,15.247119138572442,17,611,20
1.9086602565157256,6.535093940485124,18.873930848323486,16.575556976934163,17,612,21
29.955041630349328,10.145858489862345,19.96526863134318,13.218495340247042,17,613,22
-16.647113268213477,13.115079429562723,17.695843916528055,4.240371110893375,17,614,23
-9.048536690849863,17.296443628869124,16.070767431296993,18.831386403178936,17,615,24
-8.21068292868766,6.207331705307535,12.445102694980635,7.729487941162918,17,616,16
19.254006845975585,4.363882939339338,14.675094246814945,6.747265283259287,17,617,16
12.678985559353963,9.850738366706066,0.15394766650199587,2.577766132863395,17,618,2
-17.04402546568254,14.998207927844414,1.1256899974773544,16.50890862376538,17,619,3
2.9392877525555257,17.364477576569367,1.1271188316038958,12.696105057757643,17,620,4
1.4753123122606866,7.457665954217409,5.842142115493621,12.73672809444543,17,621,6
-12.104224981144762,11.869535235399628,5.29112323464064,10.887709139557145,17,622,7
-26.750069935753753,17.672906759412243,6.907746716341073,10.914374542284822,17,623,9
-0.6180520308900272,3.5255505753472436,10.61196211675924,13.391408451680533,17,624,10
-30.57964826130078,7.534159371553274,8.772840264352666,11.202449912733488,17,625,11
24.270023869283108,11.010406804212348,9.579261366545545,11.581993122742741,17,626,12
-1.9539482033982971,12.710785246736696,9.894567886032682,8.098240769431586,17,627,13
2.5432282777179807,3.989277752073162,12.28716151679237,10.186168602144877,17,628,15
-16.563247688613348,4.287308219819531,15.46202818339789,18.611752211613243,17,629,16
-11.131203877892768,11.019847583578448,14.7357763766307,10.462209306215042,17,630,17
-2.5339488743072476,13.259070329148171,12.357004118809602,2.9108764072765525,17,631,18
-13.947398336487021,2.408794051048974,18.75471420857271,8.164852933459613,17,632,20
13.113412373035064,7.257223130223671,19.08339034348657,11.72632951562058,17,633,21
-34.633305768713974,8.017171163837654,17.184432374925752,14.146175023598799,17,634,22
29.592478426027725,6.3614522232810495,13.225435430476232,1.6111316732584569,17,635,16
-13.981229211888856,7.705442823585003,13.078602658429052,0.5172689864528968,17,636,16
-32.86496789134517,10.184030524028907,2.5339865496758036,16.070319026672305,17,637,2
2.6960743449512,12.028164149019242,1.7709992223838298,19.712009569134764,17,638,3
-29.46220249991931,6.701539721273873,7.170990936371783,15.952012029890417,17,639,6
44.70482686771099,8.079862069639539,6.56128995700665,10.991990189521253,17,640,7
21.614436099411048,17.423221794495806,4.966192574747396,14.96504315706217,17,641,9
15.153363259828396,7.317695524248034,8.675897740899927,3.9774459381027594,17,642,11
-0.6526092722815758,8.993736702908533,8.729733077914894,10.839662255787204,17,643,12
28.856611047767725,1.3292238655878483,14.638628766351253,5.314266531388934,17,644,15
21.4167989150244,7.9098197913336605,15.379517466116434,2.280065644425744,17,645,16
8.935416881451774,8.976394537261834,12.600541928129557,10.008523068769854,17,646,17
25.51615514853042,4.55339206901256,18.3145998583652,13.145010757000971,17,647,21
-3.568559121611253,4.44966689170589,14.349358919866452,18.290683450851635,17,648,16
-17.634295007813925,7.6650155672367255,14.375366572898521,19.105310191944497,17,649,16
24.785495471725156,6.451461428222996,15.690911658704943,5.3415116444284605,17,650,16
10.397715519495975,10.778318600696235,0.878101451176573,12.690898304075244,17,651,2
6.8657156930595375,14.298766891935575,3.1820992079963735,13.251065194001654,17,652,3
-11.144095899766,7.534191524424619,4.393267645963649,6.243660696305289,17,653,6
1.1626703306684136,9.405510240931504,6.174754342400552,19.660884174422574,17,654,7
43.0946278318132,18.98848273611442,6.837552741299634,19.15379513269864,17,655,9
-15.464853103603382,5.525526391155633,8.050365174110723,9.751465996927385,17,656,11
-3.30416830349827,11.070542867622228,10.472478701039712,11.985641401968124,17,657,12
-4.9055669414203384,3.570492209692584,12.369982868023694,10.553096377023616,17,658,15
16.714972816577838,5.323841395724548,13.272854000911474,14.50994459804047,17,659,16
25.861066414759538,9.795294322196337,13.21721753826857,14.491138043171258,17,660,17
-16.34869750356557,7.979347861095334,19.674951840044113,12.725132421596452,17,661,21
-20.728811948769845,9.311786467892155,1.716995455186968,18.332267086962876,17,662,2
8.712314470032835,12.451917767869961,0.08660343375381618,19.79823140008148,17,663,3
-21.74740271684572,5.0038722659834605,7.761372179369104,2.9023986723741935,17,664,6
-12.31521615084278,8.095717437611086,5.513597524415838,13.15242091654995,17,665,7
8.156878658225573,16.276143309435376,5.555138379875881,5.529614833494316,17,666,9
-4.2802725926838825,5.821738806782706,11.237203955506944,15.803426073424763,17,667,11
9.222970356191313,8.726037531081914,11.841135105535896,10.19846221450852,17,668,12
-6.711685353297515,2.018086951925736,13.849942103562219,0.6195033507761916,17,669,15
-2.1724830385646348,5.038807971867484,12.3471759808201,1.8147708229794257,17,670,16
47.395984676253455,11.311243985208144,15.452220235930179,3.720321779816127,17,671,17
-11.962016844733956,6.380921504115859,19.453038260698133,19.231203293378538,17,672,21
-24.60006215258016,7.385112058180454,12.923641598139335,8.841115304665193,17,673,16
-17.62284075456565,5.175307392560674,12.596211870927029,13.457629107783763,17,674,16
12.363162946234684,6.078651982278409,12.30094072071763,6.448763790015861,17,675,16
10.974587928104206,6.297155261154879,14.038038147930305,1.7239458458873669,17,676,16
-20.343158321440395,10.211558089162974,0.7674638075372742,19.91678774049052,17,677,2
24.163600686308868,14.887518568280868,1.8851373398469558,4.0721806256741715,17,678,3
7.542022733472202,16.920656201656787,0.018074092270066622,17.672554537983466,17,679,4
2.5079386681438653,5.110669171882963,4.71863415967118,6.691857506243355,17,680,6
41.19809210203226,11.248073528200017,7.125123686104088,19.470846888384543,17,681,7
28.182571749995127,19.96353851643771,6.534084413453298,6.9828365101004835,17,682,9
24.33923342754499,0.1081481431613236,8.128279393490919,0.40380868644819934,17,683,10
23.389788892665997,7.621418564410039,11.817109287367686,14.470120719423548,17,684,11
7.71017103506257,9.057279827955822,8.082512884362902,6.700970272401239,17,685,12
33.67416965955494,12.08066939692591,11.119063273601602,9.19606385896131,17,686,13
34.76783631904827,1.3382540315655858,15.820274138289333,1.6383961194061247,17,687,15
2.325307459891732,6.43889969661925,15.554333310577341,2.3284280934011825,17,688,16
0.7161260825659774,9.758007637922228,13.141083625178336,2.0070620965520747,17,689,17
-19.481652871203753,12.34142946159295,15.115130272167839,4.231925983937332,17,690,18
-14.22767673849712,1.5942245155906307,17.707739100262614,19.11981228316414,17,691,20
14.2330761847367,5.242336057774694,17.95374801307321,16.82509738694744,17,692,21
-0.680224773739018,9.994059739086685,17.15930902238039,3.7706006311548723,17,693,22
21.74733071731949,7.376282221782274,15.261855401891125,17.192912632066882,17,694,16
20.166014575679373,4.761453837227854,15.819405000311502,17.58926403926656,17,695,16
-1.3782167719963008,4.370594746122981,12.63571047470576,19.19450805977649,17,696,16
11.193844823077388,0.6271292993977817,1.151496515119804,7.313455088179463,17,697,0
-14.281233980200406,5.83613184632981,0.9287047459524551,13.280842586657812,17,698,1
17.42775780986592,9.106239350987076,1.3477311027656458,0.8504653019800723,17,699,2
-0.6656729233226678,14.783751042269678,1.6626956601574494,10.021152986739184,17,700,3
35.08922339979296,17.143052518023556,3.4034448716913523,2.2731236752667017,17,701,4
-14.406484284381955,2.234747735002044,5.387857033545058,0.11889377844157556,17,702,5
-11.64819775629528,4.233581379757201,5.893129999412652,9.5267685882,17,703,6
6.743415313901454,9.028191625715268,6.672863978272916,9.071543400655983,17,704,7
-0.10181113268016903,12.085665698398877,5.330229653360193,14.28886420639839,17,705,8
-0.25587384539079233,16.758764426021994,4.846557123321642,0.8853249601020896,17,706,9
-2.82339780768752,3.350762138574697,8.496224353615755,19.750981937659507,17,707,10
-1.4891442160925725,4.637954971061177,9.210893437587515,1.6225795493170203,17,708,11
-30.261384481580826,11.446263941354673,11.170014411115016,12.35402321647953,17,709,12
-14.825201953913192,13.386315911234245,9.556884056885623,4.826451828122478,17,710,13
-20.806975379153734,19.480628380911032,8.689464237468268,19.307869891840735,17,711,14
5.86597085155832,3.5558512111690264,12.908103615997831,6.736098676604005,17,712,15
-1.9705894408180904,7.242552051004885,13.353959591396602,16.294569582782977,17,713,16
-2.507108148915356,11.00593140463818,13.203068278628011,13.05845327338902,17,714,17
10.889877028585975,13.250271039615944,15.31637088532128,17.201645398011316,17,715,18
-11.734017653874853,16.76221685857862,14.74436948584539,7.182039033165763,17,716,19
-6.132295252357876,0.9368336460209892,17.536084586479586,0.5148882138270627,17,717,20
13.442973395866822,7.704767113965415,17.00922139975644,10.322904232764058,17,718,21
-23.08470914365473,9.596227640622535,18.80704556499613,5.319984851534187,17,719,22
10.31918049446326,13.840975030984477,16.725185916407465,0.6784276209819429,17,720,23
7.817972775291697,16.293506459918945,17.421253472850026,0.6416491279894054,17,721,24
14.785453081674591,5.488844342806921,14.507657162776688,12.369730267539286,17,722,16
5.069187184596913,6.078515297448767,15.048340588732788,11.947561782838703,17,723,16
-19.652242242047947,8.821087615154198,0.9616950012094416,17.774535611077592,17,724,2
18.53306885176892,12.767073663036557,0.8344389444543734,0.6660345358432007,17,725,3
19.855224912133096,6.082538671953113,6.66623533803056,8.482996939426908,17,726,6
9.956403958354183,11.249593152063722,5.045263277575566,14.482874781295026,17,727,7
44.04159177573466,17.855768987458283,7.580881602853463,19.4406888982171,17,728,9
14.09743969240552,5.233587782664397,9.803554748309928,19.276827093824018,17,729,11
13.713753423662407,8.030716356522856,8.709806710546806,12.495463167500978,17,730,12
-5.796615337182878,2.001229934724028,14.70762333903442,12.610526030851116,17,731,15
3.2664990391939135,6.636666747845723,13.96774368030831,14.3673097033209,17,732,16
-43.83610216732968,9.356908090893915,14.081283151695965,13.845486850257034,17,733,17
-28.026034363527653,4.274676242472632,16.16792721188101,15.079906953149571,17,734,21
18.491222197713178,9.060105956111087,2.399606701237326,16.111855791229136,17,735,2
-8.110633378218132,14.813472915391955,3.5124062603265935,8.038732631931003,17,736,3
4.56763503263757,5.964179166477804,7.164472521033945,4.254634627711347,17,737,6
24.149364760932677,10.369990438988628,7.248023416355403,19.3454336477606,17,738,7
-11.555857062794018,18.07099509822924,6.7232958431952285,7.04386024715385,17,739,9
0.5236236979781853,4.547717955561128,11.726971782249885,14.910346396954214,17,740,11
10.156277509901598,11.533995927989636,8.158027548008212,7.0214379299667895,17,741,12
15.12499176410344,2.086053240886526,13.218404928836527,7.4136379410320785,17,742,15
42.42168440458736,6.222301455037599,13.78177017943403,18.501706037505855,17,743,16
-21.406414729955586,11.775493147913355,15.516231203141606,11.50349480854482,17,744,17
6.795848532732986,4.539522799955217,19.92124841324833,2.9445697833902673,17,745,21
-14.205672726112661,4.839838169359416,12.263771224643618,9.378781803259749,17,746,16
14.48246053304306,7.627607947367434,15.382827023947414,5.821797667182769,17,747,16
-4.691288055396949,7.058193126148407,13.364584196393155,15.428829403759918,17,748,16
3.8614949685140854,11.362232682876842,2.2038249067547877,4.682563863210614,17,749,2
1.660005938960955,13.432935706775847,1.7659087612933395,8.41774678955511,17,750,3
-14.797119277779837,17.840755063134925,3.4370063878779202,17.849026040038986,17,751,4
18.415946018209993,5.948335732048421,4.029469944500941,7.585428241271819,17,752,6
4.6194523802385214,8.016439315750446,6.003623067305988,6.714506487259655,17,753,7
-5.371077060185973,16.090128848395047,4.857055250105584,4.779618013069554,17,754,9
0.39239118930710815,3.757078881216359,8.850076898271515,8.717819690847328,17,755,10
-8.10651698573545,6.693401801177934,10.070319728537612,11.037657291600622,17,756,11
-7.728286360573649,10.090504164842429,9.133088355812692,3.6298521840649944,17,757,12
8.586616605311184,12.192782911362494,10.896815058732486,5.625401517042423,17,758,13
-7.326090027311454,3.9340597130072936,12.780433836368626,12.220895631045757,17,759,15
22.129305861336533,5.9751656762341465,12.20632845152987,3.5235708013330758,17,760,16
-28.550973572490992,9.950698097290731,15.491929504906064,7.080325683974871,17,761,17
9.697075856350505,13.334201331664486,12.548245551379042,10.48942241669044,17,762,18
-26.321110789120684,2.722144516754863,19.463663643316266,7.7064043424247775,17,763,20
17.235503208921614,4.346904803695143,18.194933570368878,9.146496742645835,17,764,21
-8.421157545385322,9.745332174748508,19.157763394816143,13.540109848992472,17,765,22
6.900930048407882,5.201348141910794,15.136325543801703,10.726572053489843,17,766,16
22.75008490584141,5.950060335907954,15.697078555495555,3.250751535706329,17,767,16
-15.620442153597708,9.564234747574845,2.1337494342258743,19.848989134089884,17,768,2
-8.660284928386124,12.467827460651144,0.7750700730672322,6.877893620493943,17,769,3
23.22727745043857,19.088445643515207,3.24324302488097,12.456616449259283,17,770,4
-2.7807782270717367,4.687281205040207,4.102617952061456,9.947712135748677,17,771,6
28.87354882043993,10.172188848753699,4.740245292346417,11.058555742823861,17,772,7
-3.285767985439133,18.318555445486492,4.244285903517593,15.200799123232256,17,773,9
34.930205980278046,1.8737417363027649,10.933868240205658,7.594596885850753,17,774,10
-7.725139730557929,4.233111169557532,10.889091473070032,4.8207034088569545,17,775,11
-12.667439931074128,9.152397254499537,11.59258070940388,18.059259767948305,17,776,12
5.770359221193396,12.429267090517573,9.06854497912575,19.161750024620154,17,777,13
11.426103119950254,0.6667832999765491,12.794313107461836,3.9888353972943413,17,778,15
-8.830456866822853,5.0697508990310425,12.378714964566743,3.3490208683846734,17,779,16
-9.151722156558138,11.827978428605721,15.547498739238181,9.824565235916998,17,780,17
14.476898780093887,13.131743090712458,13.792567060795744,5.225132103893233,17,781,18
-10.35950776569562,0.6746872131884327,17.414724417849747,0.8456099416502405,17,782,20
-5.442651280211868,6.717399168211658,18.176250976185056,6.661210071328563,17,783,21
16.337382620336665,9.03586774769162,18.147098955463846,6.586703736056454,17,784,22
6.954641626637243,4.810899166413629,14.4570183345151,2.550139361284507,17,785,16
10.449085124433896,11.945902297322753,2.71761485021326,16.267540967032975,17,786,2
17.15669310022339,12.850554743811944,0.9967155348539873,12.637990364471335,17,787,3
12.843893782020954,5.58152075777045,5.193731359379957,9.845916744272188,17,788,6
31.53664985287162,8.464643692248046,5.606869724417123,6.702336699590916,17,789,7
16.699280185961427,18.890308112382854,5.435148344916511,4.939744451405899,17,790,9
26.71416649201837,6.347689053170656,9.138705852898122,18.878082817185202,17,791,11
-12.159298293075608,8.509212078227407,8.942797463930024,5.396827562764061,17,792,12
-15.750751599216072,3.695209763358606,13.458030320452817,0.8030867315595569,17,793,15
-18.634918926544504,5.670934729420488,14.035734610914187,17.11003813238969,17,794,16
0.39244087910028713,10.501329017033715,13.039909947266226,16.056248885321114,17,795,17
4.325817738057782,5.407293720166905,17.405630787624645,2.0776902498874117,17,796,21
5.725352538569138,4.133628410475463,15.6100239631394,17.10156796345831,17,797,16
3.8551858089337054,0.389297950069623,1.5102478429839836,5.199387847830524,17,798,0
-0.08989677447760823,7.182895492647801,0.5305826474450819,3.198308274486723,17,799,1
18.643476227656976,8.61045948718412,0.19449853318354826,4.408980301551826,17,800,2
-19.516856635729948,14.112702815466662,3.1191357559729376,7.6658246781624095,17,801,3
28.526415365227955,18.382179136006386,0.23372701788359818,12.79005677898046,17,802,4
6.517274403850737,2.034605024377638,4.3242110634627835,5.342705283205545,17,803,5
-9.764382745032743,5.394518634336544,6.932873373690967,2.540338638722468,17,804,6
34.627814685617565,8.168994069719435,6.8832163183295005,8.430347420019892,17,805,7
51.20090929664723,12.366935165513146,7.453424288840479,18.439401183647476,17,806,8
-19.440221669858715,19.382143266166523,6.775277264845531,9.612305472399576,17,807,9
-13.686684011349008,2.46658190263744,9.153757864092485,4.877470988089119,17,808,10
8.962732794111142,6.929181445675532,8.751088272330733,4.098947586228188,17,809,11
28.815767089843355,10.290603371802318,9.370704205674329,15.072290110018331,17,810,12
12.908892003052511,13.529753395756277,10.04114290628665,5.750804199645256,17,811,13
17.24636650212584,16.1107606639921,9.467084512489544,8.393195563699528,17,812,14
-16.88883994686929,1.1405598911915784,14.18828091150899,18.03931725523704,17,813,15
1.2624009363859974,6.310062448883259,14.565423554085587,10.244369302917955,17,814,16
1.556895020899579,8.104948797916295,15.15718520597235,19.432436164854938,17,815,17
24.47495026069911,14.706338200954033,12.384963729502456,15.877092792102676,17,816,18
7.390495811245692,16.854765933843836,14.757399016356354,9.162480202200678,17,817,19
4.824945630740015,0.039706398898252004,16.24221053557542,3.7964181180270584,17,818,20
19.289059557440257,6.9982204660797285,18.53255855659653,12.561953450906952,17,819,21
-20.597778862400716,11.705121333934187,16.572447662627095,3.3377562494191126,17,820,22
25.786895521346278,14.569220258492358,18.495898797700114,8.26660224740233,17,821,23
2.4869940042103047,18.397915400843797,18.795129717853328,4.241677917792066,17,822,24
-0.5853838525911349,10.738657787916472,0.17052320727428993,13.49728938987303,17,823,2
1.0056333900132182,6.4168858640682584,12.561012542376405,4.717889869884013,17,824,16
46.40582459513697,7.3535823514945875,15.516295641780689,6.210202273736465,17,825,16
-16.99164090540215,5.7508397335409125,14.207632084106741,19.269086386690084,17,826,16
-3.491750894777073,8.530969538266678,1.9852445456905916,3.9899718747070834,17,827,2
11.126063904689401,13.157404494635632,2.1070609029787555,1.7216912735384438,17,828,3
5.400337005022315,6.3221333715525105,4.694003750247799,0.8770858631271428,17,829,6
17.68231649272225,9.711309134736439,6.211766046676107,16.460478444030613,17,830,7
-13.976313212017374,18.62407580412927,4.911908466331833,2.0804383974284235,17,831,9
26.215382203828145,6.923306491467384,8.568922930644165,11.406669446392248,17,832,11
-11.217863720263098,10.792204433997057,9.610611718324208,14.439442125119326,17,833,12
-18.29683085522439,0.907606397340615,13.538627038593354,5.328348271964021,17,834,15
-6.4670376302554455,5.222836630305336,15.861549089292513,16.925465566024258,17,835,16
13.509311098239204,9.050016133965762,14.381770490695715,7.17401740047976,17,836,17
16.885518862793464,4.9279752455968815,18.3351566404102,4.878277786319618,17,837,21
7.430072717355637,7.314728000162005,14.36978970063226,15.506022431295106,17,838,16
22.882920863298757,3.125025471789697,2.513645280850265,5.568660630105855,17,839,0
-12.243288663285629,5.762903033969106,0.2682201172854688,7.762879434855363,17,840,1
-7.677081111865412,8.5317624624054,3.6332820168894533,13.637523894543408,17,841,2
4.261540755131574,15.32502966511801,2.786644978751445,15.677053544460408,17,842,3
-3.412352895696084,16.318212857013002,3.5041444142773592,5.35176847217691,17,843,4
-12.22974792951359,3.8961753269225508,5.320952890317722,4.1634389239626435,17,844,5
-8.518634612092692,6.1854774938025905,7.402588080184326,3.920364432001102,17,845,6
61.44622556912343,10.42950528963431,5.032510984245521,17.02438000672558,17,846,7
24.179233487840385,15.758644367916293,6.517102073733431,18.040763195900485,17,847,8
-7.632645612426243,18.313364840349877,6.149864886587813,6.862947811873399,17,848,9
-57.671876433232605,1.7536186250128747,9.36345554453916,12.701011686109872,17,849,10
17.488325408254994,5.505318507490841,11.332870312480226,2.735579882290382,17,850,11
-21.45354870777164,9.36656523214264,10.36077846715812,2.6096942284108438,17,851,12
-4.365484362505195,14.971007580505164,9.02451575280216,7.049657034904275,17,852,13
-28.290622516175585,19.68986508028056,11.820907743984728,4.769179346724252,17,853,14
24.11257998748417,3.741227643730092,13.584264950489862,17.041257469075543,17,854,15
-6.523281337041985,4.116664825437121,13.596342618615257,2.2494251335562176,17,855,16
1.6295616883817883,10.409567441532982,14.470352882723269,7.159032581603171,17,856,17
30.768031836532526,12.890831532265043,15.447347339599762,2.597482286734598,17,857,18
-1.282456824576436,18.71643566177843,14.658413766868865,1.7295147491281493,17,858,19
17.516796269722253,0.19054356579158815,16.774210891352002,0.12263029841321771,17,859,20
13.17210151296024,6.800481055245069,19.034702617865673,12.685968613284134,17,860,21
-12.464279623673903,8.690642389558533,17.578959390327192,13.730359245403957,17,861,22
-4.436630628228357,14.475566388537718,19.974418188365128,5.881265849654063,17,862,23
22.166513424441433,18.57519499783012,17.12726897543982,0.7074091017911366,17,863,24
8.599187532460038,7.781046005006131,15.098701920394117,11.477974034381816,17,864,16
-11.258184259515707,6.229219453141248,14.202257243025498,7.368946819603261,17,865,16
-19.901023700009038,11.11845585849073,2.2679053741665665,14.480953342829896,17,866,2
-12.51901565394836,12.050859638830808,1.676967643773601,2.70233745781961,17,867,3
-15.20638876735455,5.942447783227057,4.27076345504613,13.894736956562522,17,868,6
-9.005339818835605,8.96589041089701,4.397049875584274,10.963225232105945,17,869,7
-21.61099316173163,17.37807537942823,5.277329865685003,16.162705425550467,17,870,9
-1.4975763449376527,5.591048668109432,8.649557097416412,17.954185369181037,17,871,11
-18.370781919751643,11.6754475436124,9.414141930861609,5.474274533468144,17,872,12
0.949406024703486,1.41090658036351,12.266983700228353,4.074294369116167,17,873,15
-4.374656075941261,5.091976765821725,13.017686791506927,1.9320109699457944,17,874,16
11.271484627976974,8.663291062569987,13.486479911919918,2.9471375821679557,17,875,17
-1.0368586433479328,7.891020227470676,17.572795479115268,1.5588582908191828,17,876,21
17.348690788327854,0.18477064881032312,0.42074473209489316,13.941930018792414,17,877,0
-17.552216082219523,4.131714642983518,2.9849139272349636,6.2535011124629865,17,878,1
-24.79200889992851,11.082090077289,3.0122776093404173,15.209471299409998,17,879,2
8.457532677636676,13.550208459633117,3.4154588116799376,15.692648507629723,17,880,3
-16.204173697697,16.152316645432457,2.5081333614593135,11.705160516151782,17,881,4
-1.9948409081705147,3.293553167175651,5.597800661497757,17.900518235530804,17,882,5
-0.31020665139532694,5.911883276049175,6.892041062740809,16.89580717718117,17,883,6
-31.83732177804099,9.559348913105868,7.688836274983942,4.660417652233648,17,884,7
-11.51409234779392,13.560261090659596,4.110447231955433,10.645216986916191,17,885,8
16.564403424322478,19.097840633085884,6.593073679494556,14.418310160137008,17,886,9
-11.886573066882717,0.1693907232005114,10.72878882039386,8.189334621789195,17,887,10
11.447276096258465,5.271244877059038,8.698746839894495,0.35785435353268724,17,888,11
-7.097302363281225,10.666624282306563,8.141739925129789,17.728328419932577,17,889,12
27.371992093097788,13.370288407959725,8.080124068294428,14.722546654271738,17,890,13
25.53404307795055,17.241799343112245,11.333824318189155,1.3676618572941002,17,891,14
0.6688161244590305,3.363072591542819,12.048736992567244,17.42196821740454,17,892,15
-16.78040308495503,6.474814834126201,15.073974359122351,2.235530707751987,17,893,16
7.485653544187709,11.422733372896884,14.285551508666792,11.676229700355329,17,894,17
-16.749796861652175,13.053185747712583,15.150433205226488,5.6369907005739055,17,895,18
-1.0756316938008554,16.82739168096784,12.104124480686107,13.122358730942498,17,896,19
13.647446846777529,3.283582825195738,17.115999492564185,11.46668083028475,17,897,20
-9.201130098351845,4.13334057225757,17.123873312092194,10.160578764403162,17,898,21
29.81485254020986,11.699806921297146,18.08098896199974,7.288773425677082,17,899,22
20.507776227495302,14.81369053734257,18.042079789347795,4.804759068557183,17,900,23
-8.733115962791972,17.25456937501795,18.157951181055367,12.868596233969289,17,901,24
-13.72591845675973,1.2086361851670326,3.2371063857036995,9.610876144610769,17,902,0
16.329561948699077,4.77723606208806,0.27183252519331136,9.432944217542087,17,903,1
-40.101597710865,8.554126291836347,0.5074271250153877,4.399605263677506,17,904,2
-3.7046437336425218,13.499997555754712,1.2348724286582105,18.975211340121103,17,905,3
9.722525865180893,18.486917989841075,2.4074861671045746,0.9077662404601194,17,906,4
-7.6223968829701265,0.6838640852993967,6.810192138492812,11.36598684620126,17,907,5
0.7106755629835027,5.868242185726915,6.313375407494887,0.5233009762863672,17,908,6
18.1580809101874,11.77962943384036,6.24419799348704,18.710279659153564,17,909,7
8.654009227815358,15.386150753255965,6.163325653648744,17.64667017937485,17,910,8
-25.71602024631616,19.040300124732543,6.733539750379451,14.153482636892587,17,911,9
-6.839494256201561,1.091604154392455,9.181760483893905,6.12522103690962,17,912,10
-2.7264909436584706,7.020649715048167,9.590723535725822,13.417080758294954,17,913,11
-28.994590451867825,8.495018009113942,9.221474127439777,6.648312698852523,17,914,12
2.8998697647850205,15.30899897029554,11.961192672287472,13.755841429677385,17,915,13
15.369991597668635,17.496753829840497,10.490821018991456,18.10014205625288,17,916,14
1.8828539999785174,3.0050252900800882,12.415559118546792,9.266863248685436,17,917,15
-6.487546575192117,4.329339866401176,12.891834969495521,0.04229987297503568,17,918,16
-0.9472160956265846,11.96754293364527,15.096320665184143,19.64568748378717,17,919,17
-18.710483249148904,12.556272166158177,14.01070877476581,0.6066346139863499,17,920,18
-0.9635341921461028,18.0096789036427,12.39411990153955,2.815255119968989,17,921,19
6.7166550193217525,0.8653384861776319,19.341997524811298,19.80029658850633,17,922,20
-0.4727298522541465,6.284387496141202,19.395879254404083,0.4418198495237591,17,923,21
12.064576040720326,10.792264452781417,16.730437160356264,11.278066593483802,17,924,22
-5.312410039355945,15.196586471522703,16.572076834035656,8.953339609561649,17,925,23
-24.675022213587912,16.855301350616216,16.486817017088445,14.211213355040258,17,926,24
-22.011451746783884,4.518105242895269,15.568529617874104,3.692555477084345,17,927,16
-2.4693215352878184,6.428227746286602,14.085512071381538,2.713455229223458,17,928,16
-8.984426559398777,8.041517902821644,3.543234309414581,13.800502924116852,17,929,2
9.608812434316128,7.2394798962736004,15.497202716544866,16.006181512419197,17,930,16
-10.312910172003932,5.968034137655081,15.729621780878471,15.978475556467323,17,931,16
-45.130715380611804,5.747227165958497,12.491713639878055,2.091243858633167,17,932,16
-5.055634019670139,4.568971106685066,15.681814824693165,14.25458421319182,17,933,16
21.36418532737158,4.1785132815149115,15.32993087150275,4.101159390919569,17,934,16
12.821711130817173,7.93902092774391,12.116979558406772,0.13359573000536695,17,935,16
-11.132030237720704,5.655698991298015,15.594785683661803,0.8201911994777022,17,936,16
-10.853948304142772,9.4675369213402,1.0918866304262256,16.613915407099345,17,937,2
7.519239619934304,14.603804418196475,3.285017772523262,8.728105625094225,17,938,3
5.858568950809984,16.46948071088885,0.15799257185838034,12.76172880291561,17,939,4
20.4719113253493,4.259494511122064,7.602297576962205,0.7370236894697224,17,940,6
-12.649039449339131,10.324238669928496,5.94658745865272,11.215542178236513,17,941,7
18.383370677487616,19.01604438525714,5.381024390665402,10.350884201749864,17,942,9
8.786707022470862,0.7056183243348944,11.829314863953599,14.944229959425286,17,943,10
-7.66115969027592,6.082254518906902,8.546713780991587,10.150775514141003,17,944,11
-11.657401291314446,11.772371414982018,11.364670084976702,10.296634514235963,17,945,12
2.2230595243181064,15.929515974231611,8.008704675706891,3.7352581917193617,17,946,13
-25.43346869748671,0.22405925177181096,13.87758810968067,18.491752655127787,17,947,15
-4.909021520280224,7.969049542171567,14.453402692621163,1.4205247122342413,17,948,16
-7.793916793562217,10.040758876180803,14.956534396009507,3.88448547771576,17,949,17
25.686145591890728,14.28198589634738,13.007828186252306,7.176868626863264,17,950,18
5.000574084349466,1.3835134868358616,19.782196298940335,0.9120025358410788,17,951,20
-6.944949682048992,5.6291906779507555,18.552022731977956,14.5358692841676,17,952,21
16.895120579271097,8.324130569381243,19.85037449159472,2.020705852287197,17,953,22
7.746794971477855,4.223395728125966,14.840502209626202,11.417062266769948,17,954,16
-10.01369273440906,4.125789636063844,14.169239217745783,1.9068207831027495,17,955,16
-3.7664778635481158,9.90084020818173,0.17452604782851866,12.991695197109102,17,956,2
-28.371381390616243,14.314027645290738,2.2976251665064593,4.188057498447297,17,957,3
-17.799172661568566,17.896536618306488,0.5754053188835453,8.776850756708294,17,958,4
26.85742555515663,7.122225370815087,5.602530233394111,10.615484023370811,17,959,6
-24.415445719300916,8.962840979165765,6.934946877049457,7.811099176203308,17,960,7
-4.97682283446596,19.350005908535852,4.181806078869814,4.637970400657436,17,961,9
-18.042406526231577,2.2303366904075674,8.735083636254375,1.294016267177982,17,962,10
-1.6621468493459595,6.241688225001959,10.921491160652915,17.206906205536924,17,963,11
-2.9224273950560606,9.012904039424836,9.380127200872957,14.466455325327136,17,964,12
-23.582922849141095,12.587023964886123,8.678480479271453,12.790078105998926,17,965,13
8.78324854897285,1.0859479184444192,13.804669786058703,13.601151496195618,17,966,15
-4.828138608621669,6.240893923236148,12.107431966625041,19.915510088816383,17,967,16
13.904446806335306,9.7680623800542,12.714010914251741,0.6300665474955292,17,968,17
14.747140920341042,15.471633693873809,13.355328626380436,2.6697793356254595,17,969,18
-11.4047570963104,1.556127243388906,18.453700744180722,0.10944106205667659,17,970,20
12.445052904808755,4.714256521349174,16.12234208602299,5.508470750035683,17,971,21
-10.78653715079862,9.516178956148625,16.68330739633193,13.160429254025042,17,972,22
1.2360699187395778,4.072605625611818,13.902842002916305,11.981977495377436,17,973,16
4.914578823904824,11.098472535337429,2.374014651754632,5.830398501941576,17,974,2
-29.335446622917242,6.078153450164876,14.947737467771802,11.267676147253638,17,975,16
-12.918635021006779,6.780793605596706,15.658383352449569,12.74322586171365,17,976,16
19.790021629419257,8.989234554114322,1.999196649092251,9.153608103972196,17,977,2
18.745598045671468,15.845496356208413,2.101351399647573,19.43810747900361,17,978,3
-4.596049115477919,6.605974898085621,4.100335507266095,17.254702121982398,17,979,6
-13.764470952242064,11.27404864586547,5.748370395183629,4.5829381594127305,17,980,7
1.9328476608469085,19.69859808756491,4.080325988962031,11.567515158008677,17,981,9
-1.6345046362689122,7.449149583650226,9.25815786707339,13.220329092616574,17,982,11
-16.361584739148103,10.107406957387298,9.647853436191063,11.811309910683532,17,983,12
-16.327142305810913,1.463993721175635,15.456505274878124,5.285114415209982,17,984,15
-1.7537759668754922,7.798175635462593,14.334152873226087,17.080342306496505,17,985,16
1.6884141049911803,8.327667420057988,15.569877578422457,15.47433972208169,17,986,17
0.16158586028913668,5.339051989864241,19.54014007008509,6.973553634941507,17,987,21
-0.670420227394402,6.210225857328457,14.754213562377473,6.19463125573416,17,988,16
-16.850481799920225,10.739471494822547,2.496997714727843,10.496168002559589,17,989,2
-0.6296304871103414,14.899910363256481,2.516941629279162,13.812301559029569,17,990,3
-10.428910948513263,19.47417261442699,1.5610610600866544,0.5360143279336693,17,991,4
10.29243910514596,7.130249450456642,7.2335937519207025,7.653451106671618,17,992,6
-10.766541324428845,9.453265383149594,7.934563111177027,11.387024434560528,17,993,7
17.53734109677911,19.55957271907264,5.095911000432662,8.217643354542473,17,994,9
-0.46828983927891427,1.8512698805696903,8.17778906534815,4.751581185216804,17,995,10
4.4166783002781305,7.672636473323735,11.67696733779271,10.431256104540585,17,996,11
10.33154855970896,8.287753352065955,11.189908773440715,15.933310973621815,17,997,12
20.452906929084957,15.780960078565004,10.17138863545329,1.6142362074948147,17,998,13
-9.624389119551891,2.0000724254058135,15.847899681356651,4.259245371659672,17,999,15
